Student_ID,Age,Gender,Attendance (%),Study Hours per Day,Homework Completion (%),Previous Exam Score,Class Participation (%),Extra Coaching,Final Score,Final Result
S3000,16,Male,88,6.7,90,72,43,Yes,99,Pass
S3001,14,Male,91,6.6,56,24,40,No,71.1,Pass
S3002,16,Male,70,1,62,80,39,Yes,81.2,Pass
S3003,14,Other,48,4.2,37,98,48,Yes,87.8,Pass
S3004,15,Female,70,5.9,80,86,98,Yes,93.4,Pass
S3005,16,Male,56,6.3,45,73,98,Yes,99,Pass
S3006,13,Female,66,5.3,79,71,99,Yes,93.6,Pass
S3007,15,Male,70,0.7,48,30,67,No,50.5,Fail
S3008,16,Male,73,5.5,86,88,42,Yes,82.2,Pass
S3009,15,Female,56,4.2,70,34,86,Yes,70.9,Pass
S3010,13,Male,99,2.7,50,40,26,No,64.1,Pass
S3011,14,Female,89,2.4,72,36,49,Yes,47,Fail
S3012,13,Female,45,1.6,38,88,79,No,81.9,Pass
S3013,14,Male,88,1,97,30,75,Yes,53.8,Fail
S3014,14,Male,63,4.2,63,87,64,No,91.1,Pass
S3015,13,Male,81,6.9,52,20,38,Yes,74.2,Pass
S3016,16,Male,75,2.9,60,76,47,Yes,82.5,Pass
S3017,14,Male,73,4.9,55,65,62,Yes,80.2,Pass
S3018,16,Female,58,1.1,82,87,24,Yes,67,Pass
S3019,13,Male,78,5.8,75,39,73,Yes,87.9,Pass
S3020,16,Male,93,1.8,76,62,30,No,65.1,Pass
S3021,14,Female,73,6,48,97,75,Yes,99,Pass
S3022,14,Female,85,4.3,54,88,39,No,88.5,Pass
S3023,15,Female,82,6.5,41,63,98,Yes,89.5,Pass
S3024,15,Male,72,3.3,62,27,26,No,64.9,Pass
S3025,13,Male,75,3.8,65,24,23,No,77.2,Pass
S3026,15,Male,75,5.8,73,61,55,Yes,87.6,Pass
S3027,15,Male,98,6.8,70,51,33,Yes,97.2,Pass
S3028,16,Female,88,1.5,88,66,44,Yes,66,Pass
S3029,13,Female,83,2.5,56,22,52,No,58.9,Pass
S3030,13,Female,53,6.5,45,72,52,No,98,Pass
S3031,13,Male,63,6.8,74,75,89,Yes,99,Pass
S3032,14,Male,87,2.9,83,23,88,No,62.4,Pass
S3033,15,Female,61,2.9,93,89,44,No,72.1,Pass
S3034,15,Male,48,3.4,87,49,42,No,74.5,Pass
S3035,13,Female,77,3.5,68,32,35,Yes,55.3,Fail
S3036,14,Female,72,0.7,76,64,89,No,58.4,Pass
S3037,15,Female,95,6.3,81,76,89,No,99,Pass
S3038,13,Female,77,6,42,53,26,Yes,69.9,Pass
S3039,13,Female,72,4.6,37,61,80,No,79.7,Pass
S3040,15,Male,86,2.8,93,71,99,No,84,Pass
S3041,16,Male,97,6.7,54,78,81,Yes,97.1,Pass
S3042,15,Other,69,1.3,70,58,48,No,56.5,Fail
S3043,16,Female,64,2.7,55,27,87,No,70.5,Pass
S3044,13,Male,72,1.9,45,27,83,Yes,59.9,Pass
S3045,13,Male,41,5.1,92,45,49,Yes,78.4,Pass
S3046,14,Male,41,6,46,36,49,Yes,65.8,Pass
S3047,16,Female,43,3.7,88,99,30,Yes,76.3,Pass
S3048,16,Male,95,1.4,67,72,92,No,77,Pass
S3049,14,Male,53,5,31,26,60,Yes,64.4,Pass
S3050,14,Female,85,5.3,97,37,90,No,82.1,Pass
S3051,15,Female,69,2.7,33,33,37,No,56.1,Fail
S3052,15,Female,42,6.4,76,50,39,No,72.9,Pass
S3053,14,Male,83,2.7,57,57,83,Yes,71.1,Pass
S3054,15,Female,69,2,34,41,56,No,46.5,Fail
S3055,16,Female,48,1,95,70,56,No,52.4,Fail
S3056,13,Female,87,2.1,94,99,64,Yes,88.4,Pass
S3057,14,Male,42,3.6,83,65,95,Yes,60.1,Pass
S3058,15,Male,68,6.3,75,22,58,No,73.6,Pass
S3059,15,Female,95,0.8,82,64,47,Yes,73.1,Pass
S3060,14,Female,78,2.3,70,79,32,No,73.4,Pass
S3061,14,Male,49,1.8,44,99,77,Yes,71.1,Pass
S3062,15,Male,57,6.1,92,21,61,No,86.6,Pass
S3063,13,Female,76,2.4,43,98,53,No,85.5,Pass
S3064,13,Female,59,1.3,55,36,79,No,42.6,Fail
S3065,14,Female,72,3.6,74,74,25,No,80.1,Pass
S3066,16,Female,87,6.6,96,34,68,No,96.2,Pass
S3067,16,Male,53,3.6,68,70,65,Yes,80.6,Pass
S3068,16,Male,96,0.7,87,93,55,No,83.3,Pass
S3069,16,Other,40,2.8,53,49,78,Yes,55.4,Fail
S3070,14,Male,71,3.2,50,24,62,Yes,57.1,Fail
S3071,15,Female,78,4.2,50,35,34,No,62.3,Pass
S3072,15,Male,90,5.8,58,27,45,No,80.4,Pass
S3073,14,Female,68,6.7,31,40,69,Yes,92.2,Pass
S3074,14,Female,83,3.6,58,72,21,No,80.5,Pass
S3075,13,Male,89,7,53,26,96,No,89.2,Pass
S3076,15,Male,46,1.6,81,46,36,Yes,55.4,Fail
S3077,14,Female,50,4.6,81,91,37,No,91.3,Pass
S3078,13,Female,89,2.3,51,41,29,No,57.4,Fail
S3079,14,Other,74,6,32,88,33,Yes,99,Pass
S3080,16,Male,55,4.2,65,21,33,Yes,48.8,Fail
S3081,14,Male,47,1.6,61,93,24,No,70,Pass
S3082,15,Male,56,4.8,46,63,33,No,72.2,Pass
S3083,15,Female,98,4.8,34,56,23,No,77.8,Pass
S3084,13,Male,72,1.5,83,72,44,Yes,72.4,Pass
S3085,16,Male,60,4.9,92,94,30,No,95.7,Pass
S3086,14,Male,84,4.5,51,60,91,No,84.2,Pass
S3087,13,Female,78,4.6,39,71,58,No,86.5,Pass
S3088,16,Male,92,5.1,83,60,64,No,86,Pass
S3089,14,Male,90,1.7,94,58,78,No,60.1,Pass
S3090,16,Male,58,3.8,48,43,64,No,62.4,Pass
S3091,15,Female,90,6.6,91,50,23,No,94.6,Pass
S3092,14,Male,94,6.5,61,95,46,Yes,99,Pass
S3093,15,Male,62,4.7,89,25,65,No,68.5,Pass
S3094,16,Female,51,2.6,44,58,67,No,63,Pass
S3095,13,Male,59,1.3,88,87,67,No,89.5,Pass
S3096,14,Female,84,6.7,72,56,99,No,99,Pass
S3097,13,Male,40,5.4,41,30,53,No,61.1,Pass
S3098,16,Male,65,4.1,71,89,96,Yes,99,Pass
S3099,16,Female,74,2.3,66,57,43,No,59.7,Pass
S3100,16,Male,92,3.9,76,29,25,No,69,Pass
S3101,15,Female,70,3.7,61,46,51,Yes,67.3,Pass
S3102,13,Male,54,2.1,65,53,85,Yes,56.7,Fail
S3103,14,Male,45,1.5,71,84,85,Yes,75.7,Pass
S3104,14,Male,51,3,59,82,54,Yes,92.4,Pass
S3105,13,Female,72,2.4,46,39,35,Yes,49.8,Fail
S3106,16,Male,65,4.5,87,70,92,No,89.2,Pass
S3107,16,Female,57,6.1,59,90,68,No,99,Pass
S3108,15,Male,46,2,91,42,86,No,55,Fail
S3109,15,Female,75,6.1,31,91,29,Yes,97.3,Pass
S3110,14,Female,49,1.3,45,60,43,No,49.9,Fail
S3111,15,Female,82,5,43,43,61,No,84.4,Pass
S3112,16,Female,66,6.4,39,33,90,No,79.3,Pass
S3113,13,Male,48,1.1,71,74,36,Yes,56.6,Fail
S3114,14,Female,89,5.5,90,24,80,Yes,89.4,Pass
S3115,16,Male,62,5.2,79,64,63,No,98.6,Pass
S3116,16,Male,92,0.7,48,86,45,No,72.6,Pass
S3117,14,Male,55,6.7,85,29,29,Yes,71.8,Pass
S3118,16,Female,50,4.7,73,42,59,No,73.7,Pass
S3119,13,Other,41,3.6,61,21,21,No,57.2,Fail
S3120,14,Female,52,5.2,69,44,39,No,75,Pass
S3121,14,Male,87,3.8,80,49,61,No,70.6,Pass
S3122,15,Male,70,4.5,97,59,91,No,83.7,Pass
S3123,13,Female,93,1.9,88,39,37,No,65.4,Pass
S3124,15,Male,49,6.8,43,61,85,Yes,89.5,Pass
S3125,15,Male,69,5.1,79,51,85,No,82.9,Pass
S3126,13,Female,78,4.5,67,81,32,No,78.5,Pass
S3127,13,Male,57,1.5,52,39,34,No,49.9,Fail
S3128,16,Male,77,6.4,50,24,68,No,77.7,Pass
S3129,13,Female,40,5.2,31,90,52,No,96.9,Pass
S3130,13,Female,95,2,90,47,84,No,68.6,Pass
S3131,16,Male,94,6.4,90,31,54,No,84.4,Pass
S3132,16,Male,40,4.9,44,37,84,No,62,Pass
S3133,15,Female,53,6.5,87,20,21,No,70.6,Pass
S3134,16,Female,82,7,77,48,68,Yes,92.2,Pass
S3135,15,Male,71,6.9,83,44,78,No,80.4,Pass
S3136,13,Male,61,3.8,97,50,63,No,77.8,Pass
S3137,14,Male,63,2.8,82,20,53,No,50.1,Fail
S3138,16,Female,66,5.4,39,27,70,Yes,72.7,Pass
S3139,13,Female,88,5.3,99,47,87,No,95,Pass
S3140,13,Male,96,5.8,32,28,40,Yes,74.3,Pass
S3141,15,Male,53,0.6,95,82,21,No,59.7,Pass
S3142,13,Male,53,6.4,91,66,26,No,97.3,Pass
S3143,15,Male,59,2.5,81,41,41,No,61,Pass
S3144,14,Female,51,1.9,66,46,57,No,57.5,Pass
S3145,13,Male,91,1.5,33,56,45,Yes,53.2,Fail
S3146,14,Female,42,2,78,26,60,No,50,Fail
S3147,16,Male,86,4.5,65,27,64,Yes,77.1,Pass
S3148,16,Female,46,6,58,31,55,Yes,68.3,Pass
S3149,14,Male,46,2.2,45,37,92,No,50.5,Fail
S3150,13,Female,61,2,55,47,73,No,58.6,Pass
S3151,13,Male,98,3.2,52,27,51,Yes,62.5,Pass
S3152,14,Male,41,1,50,62,58,No,48.1,Fail
S3153,16,Female,83,3.5,57,52,27,No,59.9,Pass
S3154,15,Male,62,5.6,73,83,93,Yes,92.9,Pass
S3155,15,Male,50,6,49,22,39,No,76.2,Pass
S3156,13,Female,71,0.6,40,57,26,Yes,40.7,Fail
S3157,15,Female,89,1.2,47,34,62,Yes,39.5,Fail
S3158,15,Female,82,3.3,62,91,34,No,67.8,Pass
S3159,14,Male,99,2.4,95,73,93,No,86.3,Pass
S3160,16,Male,65,2.7,82,68,25,No,69.2,Pass
S3161,16,Female,51,5.4,44,63,83,No,95.4,Pass
S3162,15,Female,55,2.8,67,50,84,No,70.6,Pass
S3163,16,Male,98,4.9,62,93,62,No,98.6,Pass
S3164,15,Male,70,3,47,65,95,Yes,69.7,Pass
S3165,14,Male,84,2.4,37,37,59,Yes,56.1,Fail
S3166,13,Male,67,2.4,62,65,32,No,67,Pass
S3167,15,Female,86,1,87,73,28,No,68.9,Pass
S3168,14,Male,76,5.8,85,28,40,No,70.2,Pass
S3169,14,Female,96,4.6,86,34,68,No,67.2,Pass
S3170,13,Female,51,6.5,36,46,51,Yes,93.4,Pass
S3171,16,Female,65,5.4,70,57,92,Yes,83.8,Pass
S3172,14,Female,53,2.5,91,53,34,Yes,36.6,Fail
S3173,14,Female,69,4.2,53,58,60,No,78.6,Pass
S3174,13,Female,55,4.9,83,66,40,No,89.9,Pass
S3175,14,Male,97,4.7,72,25,39,Yes,64.2,Pass
S3176,14,Female,54,6,77,34,41,No,80.6,Pass
S3177,16,Female,42,6.7,67,98,74,No,99,Pass
S3178,14,Male,70,1.1,85,39,57,No,53.6,Fail
S3179,14,Female,96,0.8,74,23,78,No,49.7,Fail
S3180,14,Female,41,2,61,95,63,No,73.7,Pass
S3181,15,Male,66,0.8,69,63,69,No,66.4,Pass
S3182,13,Male,78,5.4,80,81,29,No,99,Pass
S3183,15,Female,75,4.6,43,60,39,Yes,81.7,Pass
S3184,13,Female,59,1.7,56,44,32,No,51.9,Fail
S3185,13,Male,99,5.3,67,44,73,Yes,78.7,Pass
S3186,16,Female,55,0.8,32,85,39,No,57.7,Pass
S3187,16,Female,80,6.3,80,72,59,Yes,99,Pass
S3188,13,Female,80,4.1,44,73,27,Yes,99,Pass
S3189,14,Other,62,4.9,80,86,25,Yes,92,Pass
S3190,14,Male,87,2.7,41,46,46,Yes,66.1,Pass
S3191,15,Female,82,1.3,92,69,98,No,61.2,Pass
S3192,14,Other,56,1.1,71,24,36,No,51.3,Fail
S3193,15,Male,62,2.7,58,93,99,No,84.5,Pass
S3194,14,Male,48,5.3,45,24,79,No,71.8,Pass
S3195,15,Male,67,1.4,90,35,37,Yes,49.2,Fail
S3196,15,Female,92,3.3,78,71,74,Yes,85.9,Pass
S3197,15,Male,69,1,51,46,53,Yes,60.2,Pass
S3198,14,Male,50,4.1,69,48,44,No,49.8,Fail
S3199,16,Female,64,1.5,40,57,68,Yes,55.2,Fail
S3200,16,Female,57,4,66,58,54,Yes,85.8,Pass
S3201,16,Female,64,1.7,64,85,99,No,82.2,Pass
S3202,14,Female,65,5.2,72,44,86,No,66,Pass
S3203,13,Female,90,5.7,78,34,31,No,81.5,Pass
S3204,15,Female,74,4.7,33,81,83,Yes,87.1,Pass
S3205,14,Male,74,6.9,57,96,65,No,99,Pass
S3206,13,Female,68,0.9,55,36,64,Yes,51.3,Fail
S3207,13,Male,81,6,86,24,77,No,86.2,Pass
S3208,16,Female,41,3.9,68,31,35,No,58.6,Pass
S3209,15,Male,49,5.7,89,31,83,Yes,69,Pass
S3210,16,Female,77,0.9,31,58,77,No,58.9,Pass
S3211,15,Male,99,6.9,96,79,52,Yes,99,Pass
S3212,16,Female,81,2.6,54,81,48,No,77.6,Pass
S3213,16,Other,55,6.5,85,97,53,No,99,Pass
S3214,14,Female,53,2.7,65,62,40,No,57,Fail
S3215,16,Female,67,1.2,90,59,42,Yes,50.8,Fail
S3216,15,Male,40,6.7,61,53,91,No,90.2,Pass
S3217,15,Female,42,1.6,72,78,64,No,67,Pass
S3218,14,Female,94,4,50,47,82,No,72.7,Pass
S3219,15,Male,48,5.9,61,99,42,Yes,94.2,Pass
S3220,14,Male,85,1.7,49,42,99,No,59.2,Pass
S3221,15,Other,43,1.3,79,79,24,No,62.7,Pass
S3222,13,Female,64,5.3,30,33,67,No,59.7,Pass
S3223,13,Male,73,2.6,45,49,93,Yes,72.4,Pass
S3224,13,Male,85,0.6,99,29,29,No,55.7,Fail
S3225,15,Female,75,5.5,40,78,83,No,92.8,Pass
S3226,15,Female,79,0.8,89,62,28,No,58.1,Pass
S3227,16,Male,55,6.8,33,77,66,No,89.6,Pass
S3228,14,Male,46,5.4,93,38,31,No,78.2,Pass
S3229,14,Male,64,1.8,76,94,94,Yes,87.3,Pass
S3230,15,Male,83,6.5,65,54,69,Yes,97.1,Pass
S3231,13,Male,92,6.3,88,73,59,No,99,Pass
S3232,14,Male,42,5.3,46,63,87,No,83.1,Pass
S3233,16,Male,78,6,40,64,97,No,93.9,Pass
S3234,13,Female,93,3,64,38,85,Yes,67.3,Pass
S3235,15,Female,72,5,34,37,43,Yes,68.7,Pass
S3236,15,Female,91,6.8,98,73,78,No,99,Pass
S3237,16,Male,52,1.9,38,61,40,No,48.6,Fail
S3238,16,Female,66,3,63,79,72,No,74.9,Pass
S3239,16,Female,60,6.2,82,84,93,Yes,99,Pass
S3240,15,Other,78,6.2,47,88,83,Yes,99,Pass
S3241,13,Female,95,4.6,43,62,82,Yes,98.5,Pass
S3242,14,Female,55,6.5,33,45,76,No,77.4,Pass
S3243,14,Female,57,4.5,76,66,95,No,90,Pass
S3244,13,Male,40,5.6,50,64,61,No,87,Pass
S3245,14,Male,77,0.7,84,79,83,No,78.3,Pass
S3246,15,Male,53,5,95,98,44,No,99,Pass
S3247,14,Male,45,6,53,90,55,Yes,95,Pass
S3248,16,Female,75,0.6,69,86,50,No,69.3,Pass
S3249,16,Male,88,2,83,35,95,Yes,71.1,Pass
S3250,16,Female,68,4.8,35,25,24,Yes,54.5,Fail
S3251,14,Male,40,0.5,97,69,49,No,43.7,Fail
S3252,15,Male,71,6,33,57,89,No,83.4,Pass
S3253,16,Female,74,5.2,73,98,58,No,99,Pass
S3254,14,Male,97,0.8,76,41,87,No,63.5,Pass
S3255,16,Female,65,1.1,31,86,22,No,60.7,Pass
S3256,16,Female,77,6.6,95,52,29,Yes,97.8,Pass
S3257,13,Female,87,4,98,32,39,No,82.2,Pass
S3258,13,Male,89,1.2,98,72,84,No,74.8,Pass
S3259,13,Male,84,6.6,47,78,86,No,88.1,Pass
S3260,14,Male,49,4.6,30,54,61,No,79.4,Pass
S3261,14,Male,79,3.9,71,75,23,Yes,85.6,Pass
S3262,14,Male,57,6.9,44,42,20,Yes,77.2,Pass
S3263,13,Female,67,5.6,79,34,90,Yes,79.2,Pass
S3264,16,Female,81,4.5,72,46,51,Yes,72.1,Pass
S3265,16,Male,92,1.9,92,48,77,No,66,Pass
S3266,13,Male,81,4.9,57,28,31,Yes,76.2,Pass
S3267,15,Female,92,6.7,49,76,43,No,99,Pass
S3268,16,Male,87,3.5,59,77,20,No,88.3,Pass
S3269,14,Male,55,3.9,82,73,27,No,80.3,Pass
S3270,14,Female,58,5.2,50,42,91,No,79,Pass
S3271,14,Female,52,4.7,52,91,93,No,85.8,Pass
S3272,16,Female,68,1.1,43,24,57,Yes,52,Fail
S3273,14,Female,56,1.2,62,60,44,Yes,52.1,Fail
S3274,16,Male,72,5.3,31,98,53,No,92.4,Pass
S3275,14,Female,80,0.6,78,69,49,Yes,64.3,Pass
S3276,13,Female,64,1.2,89,53,83,No,48.6,Fail
S3277,14,Male,71,3.2,53,61,51,No,71.1,Pass
S3278,15,Female,50,5.8,94,89,94,No,97.2,Pass
S3279,14,Male,93,6.4,92,96,48,No,99,Pass
S3280,15,Female,50,1.2,92,74,32,Yes,55.5,Fail
S3281,13,Female,94,5.5,31,32,69,No,77.6,Pass
S3282,14,Female,52,6.6,50,50,59,No,87.1,Pass
S3283,13,Female,95,5.6,71,98,36,Yes,94.3,Pass
S3284,13,Male,47,5.7,47,79,55,Yes,87.4,Pass
S3285,14,Male,98,4.9,78,52,80,No,82.3,Pass
S3286,16,Male,54,2.8,64,20,21,No,54.8,Fail
S3287,13,Female,73,1.5,38,82,81,Yes,61.7,Pass
S3288,15,Male,94,3.1,67,34,66,No,81.9,Pass
S3289,13,Male,88,0.8,75,62,77,Yes,63.1,Pass
S3290,13,Male,76,5.8,67,53,53,No,90,Pass
S3291,15,Female,50,2.7,30,78,89,No,76.2,Pass
S3292,15,Female,89,3.8,79,68,69,No,86.6,Pass
S3293,14,Male,48,4.6,70,85,90,No,92.7,Pass
S3294,16,Male,86,4.9,43,61,88,No,77.3,Pass
S3295,16,Female,84,0.7,48,90,90,Yes,68.2,Pass
S3296,13,Female,74,5.3,84,37,58,No,74.5,Pass
S3297,16,Female,72,4.9,80,40,53,Yes,84.9,Pass
S3298,14,Female,65,3,91,85,78,No,90.6,Pass
S3299,13,Male,94,2,30,35,88,No,58.5,Pass
S3300,15,Female,44,4.8,85,71,23,No,87.9,Pass
S3301,13,Female,71,2.3,37,79,96,Yes,66,Pass
S3302,13,Other,54,5.2,63,62,92,No,74.9,Pass
S3303,13,Male,75,4.3,65,99,56,No,98.3,Pass
S3304,14,Female,71,1.5,59,70,26,Yes,54.3,Fail
S3305,13,Female,72,2.7,77,51,51,Yes,59.8,Pass
S3306,15,Female,73,4.2,32,94,39,No,78.9,Pass
S3307,16,Female,57,2.9,53,85,89,Yes,73.2,Pass
S3308,14,Male,74,1.7,59,77,34,Yes,61.7,Pass
S3309,13,Male,89,6.7,93,78,72,No,99,Pass
S3310,16,Female,98,3.1,81,41,56,No,72.2,Pass
S3311,15,Female,74,3.6,55,61,29,No,69.3,Pass
S3312,16,Other,45,4.8,91,70,72,No,82.3,Pass
S3313,15,Male,54,0.7,81,74,34,Yes,67.7,Pass
S3314,15,Female,49,6.5,45,79,82,No,95.7,Pass
S3315,16,Male,55,0.9,70,55,87,No,54.6,Fail
S3316,16,Male,70,4,35,63,62,No,82.7,Pass
S3317,15,Male,61,3.6,73,84,91,No,81,Pass
S3318,14,Female,96,4.4,74,21,94,Yes,75.9,Pass
S3319,13,Male,56,6.6,93,21,97,No,80.6,Pass
S3320,14,Male,51,2,53,61,64,No,64.3,Pass
S3321,16,Male,80,1.5,48,76,73,No,72.9,Pass
S3322,14,Female,86,0.8,92,84,64,No,80.2,Pass
S3323,15,Female,57,1.6,92,71,57,No,67.9,Pass
S3324,16,Female,85,3,63,79,64,Yes,80.4,Pass
S3325,13,Male,85,4.3,89,40,86,No,80.9,Pass
S3326,16,Male,97,1.4,74,87,89,No,71,Pass
S3327,14,Female,87,4.2,74,31,22,Yes,76.5,Pass
S3328,15,Female,90,3.1,88,29,82,No,61.3,Pass
S3329,16,Male,71,2.6,94,56,41,No,48.5,Fail
S3330,16,Male,66,5.7,73,58,82,Yes,72.4,Pass
S3331,16,Male,57,6.3,77,37,93,No,86.6,Pass
S3332,16,Male,53,6,52,31,76,No,81.7,Pass
S3333,14,Male,77,1.6,87,81,45,Yes,77.7,Pass
S3334,14,Female,98,5.4,56,64,82,No,97.8,Pass
S3335,15,Male,79,2.4,94,94,56,No,83.8,Pass
S3336,15,Female,41,5.5,74,52,98,No,83.5,Pass
S3337,14,Male,64,3.7,80,35,50,Yes,75.7,Pass
S3338,13,Male,44,6.2,38,86,98,No,98.4,Pass
S3339,15,Male,62,2.3,32,89,86,No,75.3,Pass
S3340,13,Female,80,4.8,48,86,70,Yes,97.2,Pass
S3341,14,Female,69,1.8,84,38,23,No,49,Fail
S3342,13,Male,41,3.3,88,39,46,Yes,58.6,Pass
S3343,15,Male,78,4.9,43,41,22,No,77.6,Pass
S3344,16,Male,61,2.8,44,39,88,Yes,73.7,Pass
S3345,13,Female,53,2.9,80,44,76,No,64.3,Pass
S3346,14,Female,95,4.4,47,30,34,Yes,71.7,Pass
S3347,15,Female,45,4.2,57,92,67,No,80.4,Pass
S3348,14,Other,86,4.8,44,35,78,No,74.7,Pass
S3349,15,Female,90,4.1,87,46,87,No,66.7,Pass
S3350,13,Female,57,5.8,93,66,40,No,93.2,Pass
S3351,15,Female,79,5.1,43,57,51,No,82.6,Pass
S3352,16,Female,46,2.2,62,51,89,No,62.1,Pass
S3353,16,Female,76,2.1,94,41,21,No,64.6,Pass
S3354,14,Female,65,3.9,71,29,80,Yes,71.9,Pass
S3355,13,Male,51,1.1,81,64,24,Yes,64,Pass
S3356,15,Female,44,5.9,84,27,34,No,72.1,Pass
S3357,15,Male,60,6.5,45,71,63,No,99,Pass
S3358,15,Female,63,6.6,52,40,98,Yes,94.3,Pass
S3359,15,Female,77,4.8,58,91,66,Yes,91.7,Pass
S3360,13,Male,40,5.4,49,60,75,Yes,81.7,Pass
S3361,14,Male,81,5.2,63,44,92,No,77.3,Pass
S3362,15,Male,91,6.8,88,76,36,No,99,Pass
S3363,15,Male,69,1.8,87,88,91,No,83,Pass
S3364,15,Male,65,6.7,75,81,97,Yes,99,Pass
S3365,16,Female,79,4.7,49,23,46,Yes,66.2,Pass
S3366,15,Female,98,2.4,78,28,97,No,65,Pass
S3367,14,Male,57,2.2,91,80,65,No,72.6,Pass
S3368,15,Male,82,5.6,48,26,85,No,81.9,Pass
S3369,15,Female,57,6.4,44,64,82,No,94.7,Pass
S3370,13,Female,61,6.6,92,42,85,No,87.2,Pass
S3371,15,Male,97,6.4,32,90,73,No,99,Pass
S3372,14,Female,61,3.2,76,51,81,No,74.8,Pass
S3373,16,Male,49,5.7,38,79,67,No,94.4,Pass
S3374,15,Male,73,4.6,40,77,27,No,91.2,Pass
S3375,16,Female,60,1.6,64,23,25,No,39.7,Fail
S3376,14,Female,86,1.1,89,79,44,No,73,Pass
S3377,15,Male,82,6.9,44,20,98,No,87.7,Pass
S3378,15,Female,78,2.4,90,38,57,Yes,70.2,Pass
S3379,15,Male,85,1.9,62,56,27,No,67.9,Pass
S3380,14,Female,78,0.8,72,47,34,No,36.2,Fail
S3381,16,Female,86,5.7,41,93,73,No,99,Pass
S3382,14,Male,66,6.3,89,31,48,No,91.1,Pass
S3383,13,Female,96,6,60,33,76,No,79.9,Pass
S3384,14,Male,94,2.5,42,45,68,Yes,63.4,Pass
S3385,13,Male,71,3.1,58,68,75,Yes,75.9,Pass
S3386,14,Female,99,5.7,82,46,41,No,87.3,Pass
S3387,15,Male,95,4.6,83,26,75,No,82.4,Pass
S3388,16,Male,51,3.6,60,22,67,No,52.2,Fail
S3389,15,Male,59,0.6,39,29,26,Yes,35.8,Fail
S3390,14,Female,46,3.4,95,58,40,No,66.2,Pass
S3391,15,Male,59,2,93,81,21,Yes,76.2,Pass
S3392,14,Female,59,4.1,55,71,62,No,81.8,Pass
S3393,16,Female,63,2.5,59,22,39,No,34,Fail
S3394,15,Female,73,6.7,30,38,32,Yes,73.6,Pass
S3395,14,Male,94,4.7,93,25,35,No,77.3,Pass
S3396,16,Female,58,1.8,64,23,21,No,46.8,Fail
S3397,15,Female,89,2,39,69,37,No,65.6,Pass
S3398,14,Male,94,2.6,83,91,52,No,87.1,Pass
S3399,14,Male,72,3.5,92,83,97,Yes,96.9,Pass
S3400,16,Other,84,5.3,82,25,89,Yes,84.8,Pass
S3401,15,Female,82,5.1,54,51,32,Yes,78.3,Pass
S3402,14,Male,41,4.2,61,86,91,No,86.1,Pass
S3403,13,Male,80,2.6,73,27,39,No,43.3,Fail
S3404,14,Female,41,1.8,75,26,78,No,51.7,Fail
S3405,16,Male,64,1.1,63,45,97,No,67.6,Pass
S3406,14,Male,42,3.6,59,88,61,Yes,72.1,Pass
S3407,13,Male,62,2.3,78,39,70,No,56.8,Fail
S3408,14,Female,87,5.8,97,98,95,No,99,Pass
S3409,16,Female,63,5.9,68,36,71,No,93.9,Pass
S3410,14,Female,83,2.5,79,55,88,No,71.8,Pass
S3411,13,Male,92,3.7,72,79,52,Yes,79.3,Pass
S3412,15,Male,67,3,30,44,39,Yes,53.4,Fail
S3413,15,Female,64,6.7,64,21,98,No,80,Pass
S3414,14,Male,86,6.8,37,56,23,No,79.5,Pass
S3415,13,Male,57,4.7,48,89,77,No,89.4,Pass
S3416,14,Male,49,1.6,82,28,88,No,58.3,Pass
S3417,16,Male,41,3.3,69,62,57,Yes,67.9,Pass
S3418,16,Female,82,0.7,56,61,83,No,72,Pass
S3419,15,Male,52,3.1,52,35,75,No,59.9,Pass
S3420,16,Male,78,5.6,59,88,87,No,99,Pass
S3421,16,Male,75,5,38,22,77,No,69.8,Pass
S3422,16,Female,57,6.6,71,93,96,No,98.1,Pass
S3423,16,Female,73,3.2,98,68,39,No,82.4,Pass
S3424,15,Male,80,4.8,82,95,70,No,99,Pass
S3425,14,Male,96,5.2,55,45,33,No,59,Pass
S3426,16,Male,65,0.5,91,86,76,Yes,73.5,Pass
S3427,16,Male,51,4.2,36,98,47,No,90.4,Pass
S3428,16,Male,57,1.7,95,94,42,No,75.5,Pass
S3429,16,Male,50,6.7,51,40,48,No,75.5,Pass
S3430,16,Male,49,1.8,78,63,71,Yes,67.6,Pass
S3431,16,Male,55,4.8,62,53,85,No,85.7,Pass
S3432,13,Male,62,6.2,73,48,99,No,89.1,Pass
S3433,15,Male,53,6.8,67,89,71,No,99,Pass
S3434,15,Male,83,0.6,33,26,83,Yes,35.6,Fail
S3435,15,Female,92,6.8,71,42,49,No,95.8,Pass
S3436,14,Female,83,3.6,99,22,73,Yes,90.7,Pass
S3437,16,Female,48,1.6,56,96,99,Yes,76,Pass
S3438,14,Male,50,6.5,65,68,97,Yes,99,Pass
S3439,14,Female,45,4.8,62,57,99,No,88,Pass
S3440,14,Male,78,1.7,82,31,61,No,62.5,Pass
S3441,15,Male,51,3.2,83,82,88,No,79.9,Pass
S3442,16,Male,87,3.2,90,87,33,No,85,Pass
S3443,16,Female,97,6.5,92,22,69,No,91,Pass
S3444,13,Female,42,3.6,58,26,57,No,53.9,Fail
S3445,13,Female,87,4.5,97,77,26,No,95.3,Pass
S3446,15,Female,80,1.1,67,97,67,No,85.2,Pass
S3447,15,Male,64,3.6,63,91,59,No,90.9,Pass
S3448,15,Male,79,6.7,66,93,40,Yes,99,Pass
S3449,16,Male,47,3.1,32,78,50,No,70.2,Pass
S3450,13,Male,72,5.5,74,50,26,Yes,68.4,Pass
S3451,16,Male,59,5.1,83,57,70,No,96.5,Pass
S3452,13,Male,92,2.5,71,58,81,No,86,Pass
S3453,15,Male,86,1.8,77,45,54,No,67.1,Pass
S3454,13,Female,48,6.5,47,77,24,Yes,83.5,Pass
S3455,15,Male,78,5.7,75,71,99,No,94.8,Pass
S3456,16,Male,87,1.9,64,90,25,No,69.3,Pass
S3457,14,Female,49,7,72,39,51,No,73.9,Pass
S3458,15,Male,79,3.4,35,27,20,No,52.9,Fail
S3459,15,Female,78,2.2,53,86,97,No,88,Pass
S3460,15,Male,70,3.4,60,59,78,Yes,71.2,Pass
S3461,13,Male,58,5.5,57,57,96,Yes,89.5,Pass
S3462,14,Female,70,6.1,35,52,45,Yes,71.6,Pass
S3463,15,Male,95,6.1,86,73,94,No,98.6,Pass
S3464,16,Female,73,1.6,78,54,81,Yes,69.9,Pass
S3465,14,Female,69,0.9,70,58,80,Yes,54.9,Fail
S3466,14,Female,63,5.5,43,52,50,Yes,86.4,Pass
S3467,15,Male,44,5.8,55,48,35,Yes,79.6,Pass
S3468,13,Male,80,2.6,58,92,36,No,75,Pass
S3469,14,Male,48,1.8,44,39,83,No,60.7,Pass
S3470,15,Male,81,4.6,62,53,41,No,82.7,Pass
S3471,15,Female,89,5.6,97,50,87,No,99,Pass
S3472,13,Male,70,5.9,43,84,40,No,93.9,Pass
S3473,16,Male,51,4.1,47,76,60,No,74.9,Pass
S3474,14,Male,58,4.2,61,36,71,Yes,53.5,Fail
S3475,16,Female,91,6.8,99,95,34,No,99,Pass
S3476,15,Female,45,2.2,91,67,60,No,67.3,Pass
S3477,14,Male,47,3.1,78,21,38,No,50.8,Fail
S3478,15,Female,93,3.4,47,89,95,Yes,80.7,Pass
S3479,14,Male,73,1.4,93,65,80,No,60.9,Pass
S3480,15,Male,80,5.9,57,82,56,No,89.6,Pass
S3481,13,Male,59,6.4,37,87,61,No,87.7,Pass
S3482,14,Female,95,3.1,42,92,95,No,99,Pass
S3483,15,Male,47,2.4,38,33,21,No,40.1,Fail
S3484,14,Female,78,5.8,77,40,59,No,93.3,Pass
S3485,13,Male,84,5.5,89,62,22,Yes,85.5,Pass
S3486,15,Female,52,3.4,63,46,84,Yes,76.6,Pass
S3487,16,Female,61,1.2,30,81,35,No,54.3,Fail
S3488,15,Male,97,4.7,33,42,25,No,75,Pass
S3489,13,Female,87,2.6,56,53,38,No,74.9,Pass
S3490,15,Male,41,6.3,82,56,90,Yes,84.5,Pass
S3491,15,Female,86,6.7,96,71,20,Yes,99,Pass
S3492,15,Male,50,5.7,32,78,30,No,67.1,Pass
S3493,13,Female,67,3.1,44,91,20,No,80.6,Pass
S3494,16,Male,71,6.3,81,59,37,No,99,Pass
S3495,16,Female,43,6.6,41,25,90,Yes,82.6,Pass
S3496,16,Male,62,5.7,43,73,35,No,84.5,Pass
S3497,14,Male,62,1.8,32,49,90,No,60.3,Pass
S3498,15,Female,87,6.5,55,78,97,No,99,Pass
S3499,14,Male,54,5.5,41,36,51,Yes,73.5,Pass
S3500,15,Male,84,2.2,36,67,92,No,72.9,Pass
S3501,15,Female,52,3.2,80,42,43,No,58.9,Pass
S3502,14,Male,54,3.2,39,88,39,No,77.2,Pass
S3503,14,Female,72,5.6,45,21,81,No,74.5,Pass
S3504,13,Female,43,5.2,82,94,64,Yes,99,Pass
S3505,13,Male,81,1.1,30,92,84,Yes,72.4,Pass
S3506,16,Female,93,4.2,48,50,26,No,72.7,Pass
S3507,15,Female,77,2.6,69,51,26,Yes,67.7,Pass
S3508,15,Male,60,1.4,79,74,98,No,68.5,Pass
S3509,13,Male,59,3.8,90,39,88,Yes,74.1,Pass
S3510,16,Male,75,0.5,78,20,29,Yes,28.5,Fail
S3511,14,Female,81,1.1,34,57,95,No,56.8,Fail
S3512,14,Female,86,1.1,49,31,94,No,51.4,Fail
S3513,13,Female,60,6.8,52,38,47,No,82.7,Pass
S3514,16,Female,66,1.9,48,26,51,No,56.3,Fail
S3515,13,Female,70,4.1,64,41,82,Yes,60.1,Pass
S3516,14,Male,78,4.8,97,33,76,No,85,Pass
S3517,16,Male,66,4.3,67,29,25,No,63.3,Pass
S3518,15,Female,88,2.3,42,57,49,No,71.2,Pass
S3519,14,Male,50,3.7,32,42,41,No,60.3,Pass
S3520,13,Male,74,6.7,86,61,29,No,97.5,Pass
S3521,13,Female,91,0.7,59,73,93,No,72.7,Pass
S3522,15,Female,61,5.1,30,67,29,No,74.7,Pass
S3523,13,Male,61,5.5,71,79,66,Yes,92.9,Pass
S3524,15,Male,93,5.8,55,28,80,No,75.1,Pass
S3525,15,Male,90,1.1,86,59,90,Yes,66.3,Pass
S3526,15,Male,96,2.6,54,97,74,No,85.6,Pass
S3527,15,Male,77,2.6,59,96,90,Yes,81.4,Pass
S3528,16,Male,89,0.9,76,20,86,No,44.9,Fail
S3529,16,Female,66,4.1,95,61,74,No,82,Pass
S3530,14,Male,47,1.6,75,47,45,No,47.4,Fail
S3531,13,Female,58,4.7,66,70,89,No,93.2,Pass
S3532,16,Female,53,6.5,36,93,61,Yes,99,Pass
S3533,15,Male,82,1.9,80,24,43,No,60.6,Pass
S3534,14,Female,64,5.2,75,67,49,No,81.4,Pass
S3535,15,Male,70,5.7,48,47,33,No,73.7,Pass
S3536,13,Male,86,2.5,41,24,91,Yes,47.4,Fail
S3537,14,Female,84,0.9,84,33,81,No,54.2,Fail
S3538,13,Male,52,0.9,64,58,51,Yes,60.4,Pass
S3539,14,Male,51,0.6,58,94,96,No,56.7,Fail
S3540,15,Male,88,2.5,93,61,52,Yes,75,Pass
S3541,14,Female,81,1.2,91,77,67,No,73.1,Pass
S3542,14,Male,78,0.5,65,64,24,No,65.6,Pass
S3543,14,Male,53,6.1,46,43,51,No,89.9,Pass
S3544,14,Male,45,6.3,72,75,97,No,99,Pass
S3545,16,Female,76,5.1,53,29,20,No,73.1,Pass
S3546,13,Male,76,6.5,85,40,79,No,92.6,Pass
S3547,13,Female,96,6.6,91,73,81,Yes,99,Pass
S3548,13,Male,79,4.4,34,30,32,No,59.9,Pass
S3549,16,Male,45,5.3,39,56,27,No,70.9,Pass
S3550,14,Male,80,5.4,57,94,89,Yes,99,Pass
S3551,14,Other,89,0.9,80,73,78,Yes,64.5,Pass
S3552,13,Female,59,0.6,45,41,93,Yes,47.1,Fail
S3553,14,Male,44,2,60,24,95,Yes,44.8,Fail
S3554,14,Female,55,5.3,53,65,90,No,80.9,Pass
S3555,14,Male,52,1.5,75,55,74,Yes,54.1,Fail
S3556,14,Male,48,2.2,71,51,58,No,49,Fail
S3557,13,Female,40,1.9,99,64,61,No,72.8,Pass
S3558,16,Male,96,1.3,89,47,26,No,61.1,Pass
S3559,16,Female,51,6,79,32,60,Yes,73,Pass
S3560,14,Female,47,5.3,99,95,67,Yes,99,Pass
S3561,16,Other,77,1.9,72,66,62,Yes,64.5,Pass
S3562,16,Female,67,6.6,96,25,76,No,83.5,Pass
S3563,16,Male,44,5.4,89,66,78,Yes,87.2,Pass
S3564,14,Male,92,6.8,32,99,54,Yes,99,Pass
S3565,13,Male,60,3.2,57,98,79,No,78.7,Pass
S3566,13,Female,54,3.3,45,62,83,No,70.7,Pass
S3567,15,Male,90,4.6,32,29,67,No,56.6,Fail
S3568,15,Male,42,5.6,83,74,56,Yes,89.6,Pass
S3569,15,Male,55,0.6,98,25,87,Yes,54.4,Fail
S3570,13,Female,90,1.1,64,92,25,No,60.9,Pass
S3571,16,Male,54,4.5,63,89,95,No,92.6,Pass
S3572,16,Male,49,2.4,47,82,31,Yes,66.4,Pass
S3573,15,Female,67,1.5,53,91,93,No,72.6,Pass
S3574,16,Female,78,3.1,82,23,97,Yes,64.8,Pass
S3575,16,Male,89,7,37,88,22,Yes,98.2,Pass
S3576,16,Female,75,1,70,89,38,No,60.7,Pass
S3577,13,Female,54,0.9,90,60,39,No,52.3,Fail
S3578,13,Female,77,3.9,71,22,91,No,66.1,Pass
S3579,15,Female,60,0.6,56,41,50,Yes,46.2,Fail
S3580,13,Male,63,5.4,43,53,43,No,84.6,Pass
S3581,13,Female,75,3.8,96,93,80,Yes,87.7,Pass
S3582,15,Male,47,1.1,79,27,71,No,37.2,Fail
S3583,16,Female,83,4.1,42,65,96,Yes,90.6,Pass
S3584,15,Male,84,4.6,93,89,97,Yes,99,Pass
S3585,15,Female,76,3.5,49,72,56,No,72.6,Pass
S3586,13,Female,95,2,36,76,61,Yes,64.6,Pass
S3587,16,Female,43,5.5,46,90,34,Yes,92.4,Pass
S3588,16,Female,60,1.2,44,62,28,No,52.9,Fail
S3589,14,Male,45,0.7,48,39,40,Yes,31.1,Fail
S3590,14,Female,41,3,62,81,28,No,73.7,Pass
S3591,15,Male,81,5.5,56,25,21,Yes,69.9,Pass
S3592,14,Male,72,4.7,82,50,58,Yes,70,Pass
S3593,16,Female,83,5,88,78,65,No,98,Pass
S3594,14,Male,99,3.9,82,73,51,No,88.6,Pass
S3595,16,Male,93,2,53,54,76,No,46.9,Fail
S3596,15,Female,81,1,31,27,23,No,39.4,Fail
S3597,16,Male,60,6.2,82,93,76,No,99,Pass
S3598,16,Female,72,3.9,94,33,45,No,63.1,Pass
S3599,16,Female,86,1.3,60,67,56,Yes,62,Pass
S3600,14,Male,72,3.8,82,68,45,No,78.2,Pass
S3601,15,Female,64,1.7,40,37,25,Yes,41.6,Fail
S3602,16,Female,54,4.9,35,37,56,No,62.4,Pass
S3603,15,Male,75,4.2,30,39,88,No,77.3,Pass
S3604,16,Female,62,3.9,89,89,45,No,99,Pass
S3605,13,Male,96,5.1,35,70,64,No,93.6,Pass
S3606,14,Male,74,2.5,38,32,22,Yes,56.1,Fail
S3607,16,Female,59,3,92,91,75,Yes,92.9,Pass
S3608,14,Male,73,4.9,51,65,40,No,89.4,Pass
S3609,13,Male,89,1.8,68,88,28,No,66.7,Pass
S3610,14,Female,96,1.8,62,93,50,No,86.5,Pass
S3611,14,Female,68,6.6,93,37,25,Yes,76.4,Pass
S3612,16,Female,55,6.7,42,67,62,No,88.8,Pass
S3613,13,Female,86,6.9,80,41,27,No,87,Pass
S3614,16,Male,99,0.8,50,22,92,No,43.8,Fail
S3615,16,Male,55,3.3,35,78,81,No,68.4,Pass
S3616,14,Other,58,0.8,80,88,38,Yes,58.3,Pass
S3617,14,Other,43,4.8,95,80,24,No,92.3,Pass
S3618,16,Female,61,4.1,93,35,67,No,59.9,Pass
S3619,15,Female,88,0.7,48,31,67,No,65.8,Pass
S3620,14,Female,63,2.9,33,86,20,No,78.4,Pass
S3621,16,Female,44,6.9,65,58,69,Yes,89.7,Pass
S3622,16,Female,83,5.5,33,71,76,Yes,97.4,Pass
S3623,14,Male,81,5.1,84,66,73,No,91.3,Pass
S3624,15,Male,92,1,30,95,89,No,57.6,Pass
S3625,13,Female,57,2.3,46,87,82,No,81.9,Pass
S3626,16,Male,50,1.2,33,28,41,No,46.9,Fail
S3627,13,Male,86,3.6,30,22,80,No,54,Fail
S3628,16,Female,74,5.1,50,76,63,No,93.8,Pass
S3629,16,Male,89,0.7,30,23,65,No,40.3,Fail
S3630,16,Male,74,4.3,46,43,59,No,63.1,Pass
S3631,15,Male,55,1.9,53,52,57,Yes,62.6,Pass
S3632,14,Male,48,4.7,70,35,89,No,78.6,Pass
S3633,13,Female,54,2.8,41,83,94,No,79.6,Pass
S3634,16,Male,73,2.3,84,73,87,No,79.9,Pass
S3635,13,Female,48,4.1,97,48,26,No,71,Pass
S3636,14,Male,69,6.1,67,85,52,No,99,Pass
S3637,15,Male,79,4.6,37,55,24,No,75.9,Pass
S3638,13,Male,73,4.9,53,48,21,No,76.3,Pass
S3639,13,Female,91,5.5,58,45,92,Yes,94,Pass
S3640,16,Female,91,2,77,81,21,No,79.6,Pass
S3641,14,Female,85,1.8,32,59,54,Yes,62.9,Pass
S3642,15,Male,95,5.9,61,97,80,Yes,99,Pass
S3643,14,Female,96,0.6,81,84,35,No,65.6,Pass
S3644,13,Male,78,2.7,94,66,22,Yes,80.8,Pass
S3645,14,Male,95,6.8,83,46,76,No,99,Pass
S3646,13,Female,89,3.7,97,91,90,No,99,Pass
S3647,16,Female,99,1.3,64,60,74,No,63.7,Pass
S3648,16,Female,86,1.7,47,86,35,No,66.3,Pass
S3649,14,Female,79,6.1,35,28,70,No,77.5,Pass
S3650,13,Male,44,5.8,90,81,82,Yes,90.9,Pass
S3651,13,Female,98,6.2,95,68,59,No,91.6,Pass
S3652,16,Other,74,5.5,32,23,94,Yes,59.4,Pass
S3653,16,Female,64,4.2,85,81,41,Yes,96.1,Pass
S3654,13,Male,95,4.8,58,92,27,No,99,Pass
S3655,16,Female,41,1,37,85,73,Yes,62.9,Pass
S3656,13,Male,55,1.6,31,98,49,No,77.8,Pass
S3657,14,Male,73,3,52,78,86,Yes,78.1,Pass
S3658,13,Male,81,4.3,90,30,33,Yes,60.8,Pass
S3659,15,Female,76,4.2,49,52,55,No,80.7,Pass
S3660,16,Male,86,2,77,27,91,No,60,Pass
S3661,16,Male,82,3.5,94,39,60,No,83.2,Pass
S3662,13,Male,89,5.2,60,44,93,No,93,Pass
S3663,13,Female,98,3.6,90,58,28,No,81.9,Pass
S3664,15,Female,84,3,46,48,60,No,61.9,Pass
S3665,14,Female,45,2.9,33,87,60,Yes,72.3,Pass
S3666,15,Male,88,5.9,51,90,34,No,88.6,Pass
S3667,15,Other,87,5.7,93,24,67,No,97.1,Pass
S3668,13,Female,89,5.6,65,69,61,No,99,Pass
S3669,16,Male,70,3.8,82,62,44,No,74.6,Pass
S3670,15,Female,96,2.1,61,93,67,No,94.8,Pass
S3671,14,Male,42,2.4,61,20,72,Yes,54.1,Fail
S3672,13,Male,65,2.3,57,84,21,No,66.5,Pass
S3673,16,Female,61,0.7,90,75,23,No,51.8,Fail
S3674,13,Female,58,1.4,85,55,32,Yes,59.8,Pass
S3675,14,Male,73,5.6,73,86,42,No,99,Pass
S3676,16,Female,48,2.4,49,51,27,No,66.7,Pass
S3677,14,Male,83,4,95,91,54,Yes,96.2,Pass
S3678,14,Female,78,2,67,78,35,No,86,Pass
S3679,15,Male,75,2.6,62,82,54,No,75.9,Pass
S3680,13,Male,75,1,99,85,36,No,74.4,Pass
S3681,14,Female,81,4.5,81,81,89,No,99,Pass
S3682,14,Male,79,4.1,87,84,75,No,86.7,Pass
S3683,13,Female,79,7,46,38,36,No,88.4,Pass
S3684,14,Male,46,5.5,44,84,27,No,90.7,Pass
S3685,16,Male,66,2.4,80,64,49,Yes,80.4,Pass
S3686,14,Male,88,5.8,61,69,40,No,92.4,Pass
S3687,13,Female,44,0.6,95,48,94,Yes,54.4,Fail
S3688,16,Female,85,4.7,32,59,79,Yes,80.5,Pass
S3689,13,Female,69,1.9,63,95,29,Yes,66.6,Pass
S3690,16,Female,48,1.3,65,28,56,No,42.2,Fail
S3691,15,Male,86,5.9,87,26,81,Yes,76.2,Pass
S3692,15,Male,94,2.8,59,56,22,No,75.1,Pass
S3693,16,Female,45,4.2,37,87,54,Yes,89.5,Pass
S3694,13,Female,40,0.7,48,27,54,Yes,40.8,Fail
S3695,13,Female,43,2.5,69,51,65,Yes,72.4,Pass
S3696,14,Female,65,2.9,41,93,42,Yes,82.2,Pass
S3697,14,Female,65,6.9,69,72,69,Yes,94.3,Pass
S3698,15,Other,41,6.3,73,30,71,No,73.3,Pass
S3699,15,Female,75,1.7,99,92,42,No,89.9,Pass
S3700,13,Female,64,5.2,62,48,80,No,80.2,Pass
S3701,13,Male,93,5.4,62,89,31,Yes,99,Pass
S3702,14,Female,51,4.7,94,76,82,No,80.5,Pass
S3703,15,Male,81,1,57,80,32,No,59.9,Pass
S3704,13,Male,40,3.7,55,29,34,No,59.2,Pass
S3705,15,Male,59,3.4,37,29,68,Yes,59.9,Pass
S3706,15,Male,84,2.6,45,41,96,No,67.1,Pass
S3707,16,Male,63,6,85,32,84,Yes,64.9,Pass
S3708,14,Male,51,6.1,70,40,30,No,84.5,Pass
S3709,15,Male,56,4,37,44,71,No,59.4,Pass
S3710,16,Female,55,6.7,77,55,90,Yes,99,Pass
S3711,16,Female,70,4.2,95,43,45,No,66.4,Pass
S3712,16,Male,59,2,69,98,58,No,79.1,Pass
S3713,13,Male,69,4.4,43,78,31,No,86.4,Pass
S3714,16,Female,81,5.1,63,88,54,No,94.4,Pass
S3715,16,Female,41,4.4,56,89,98,No,86.9,Pass
S3716,15,Female,72,0.6,76,81,25,Yes,61.9,Pass
S3717,16,Male,49,0.8,88,49,65,Yes,52.2,Fail
S3718,15,Female,51,1.1,47,72,65,No,68,Pass
S3719,15,Female,92,1,97,90,77,No,64.3,Pass
S3720,13,Male,50,2.8,34,22,33,Yes,54.2,Fail
S3721,14,Male,47,4.4,57,44,51,No,64,Pass
S3722,14,Male,83,5.2,77,63,33,No,83.2,Pass
S3723,16,Female,85,5.6,91,96,85,No,99,Pass
S3724,13,Female,73,1.5,39,53,52,No,49.1,Fail
S3725,13,Female,94,1.2,72,36,90,Yes,54.7,Fail
S3726,13,Male,94,0.8,41,62,40,No,44.3,Fail
S3727,13,Female,80,5.6,76,89,23,No,99,Pass
S3728,14,Male,78,5.1,76,38,80,Yes,71.8,Pass
S3729,16,Male,89,3.9,93,52,73,No,86.1,Pass
S3730,13,Male,55,3.7,49,56,44,No,62.3,Pass
S3731,15,Female,83,6,99,57,22,No,91.7,Pass
S3732,15,Male,76,3.9,58,55,28,No,75.2,Pass
S3733,14,Female,68,7,75,97,54,Yes,99,Pass
S3734,13,Male,99,3.1,43,41,57,No,77.5,Pass
S3735,16,Female,78,6.5,97,96,74,No,99,Pass
S3736,14,Male,56,1.7,31,65,69,Yes,55.6,Fail
S3737,13,Male,99,2.7,35,93,47,Yes,85.5,Pass
S3738,16,Female,78,4,31,78,76,No,87.1,Pass
S3739,13,Female,99,2.9,67,98,56,Yes,90,Pass
S3740,15,Male,49,0.8,95,72,28,No,52.2,Fail
S3741,14,Male,64,2.5,55,45,67,No,60,Pass
S3742,16,Male,75,6.3,63,99,78,No,99,Pass
S3743,16,Female,97,2.2,73,64,35,No,77.8,Pass
S3744,15,Male,70,5.1,65,83,92,No,99,Pass
S3745,15,Male,47,5.1,67,39,58,No,66,Pass
S3746,16,Male,43,4.7,69,76,44,Yes,89.5,Pass
S3747,15,Male,54,4.7,33,32,77,No,65.7,Pass
S3748,16,Male,80,1.1,57,38,51,No,43.5,Fail
S3749,15,Male,94,4.4,92,36,46,No,80,Pass
